policy,hits,decisions,hit_rate,recent_hits,recent_decisions,recent_hit_rate
Raw learned rank,38,54,0.7037037037037037,15,26,0.5769230769230769
Prefer 500-AB BA >= .275,39,54,0.7222222222222222,17,27,0.6296296296296297
Prefer starter Stuff+ <= 100,41,54,0.7592592592592593,19,26,0.7307692307692307
Prefer BA >= .275 and Stuff+ <= 100,40,53,0.7547169811320755,18,26,0.6923076923076923
