probability_band,decisions,hits,misses,average_probability,observed_hit_rate,calibration_gap,wilson_low,wilson_high
Below 55%,6929,3246,3683,0.4616544667340164,0.46846586809063356,0.006811401356617175,0.45673692318872555,0.4802297601406614
55-60%,2771,1631,1140,0.5748142186936124,0.5885961746661855,0.013781955972573146,0.5701634657779698,0.6067835714871485
60-65%,2805,1793,1012,0.6244223529411764,0.6392156862745098,0.014793333333333325,0.6212643847908352,0.6567861823895995
65-70%,1814,1216,598,0.6709238147739802,0.6703417861080485,-0.0005820286659317109,0.6483686406605617,0.6915949733308885
70-75%,554,388,166,0.7182884476534295,0.7003610108303249,-0.017927436823104603,0.6609406791522063,0.7370217531941801
75-80%,81,53,28,0.7681432098765432,0.654320987654321,-0.11382222222222216,0.5458917196718802,0.7487750475743764
80% and above,14,8,6,0.8293428571428573,0.5714285714285714,-0.2579142857142859,0.32590266902869364,0.7861949006959947
